text,label,note
I feel I'm in control of my own life,positive,tell me one positive/negative feeling when you quit smoking
I feel energetic,positive,tell me one positive/negative feeling when you quit smoking
I feel I can keep promises to myself,positive,tell me one positive/negative feeling when you quit smoking
relaxed,positive,tell me one positive/negative feeling when you quit smoking
I feel lighter in my body,positive,tell me one positive/negative feeling when you quit smoking
Oh I just feel like a better person overall,positive,tell me one positive/negative feeling when you quit smoking
I feel less dependent on cigarettes,positive,tell me one positive/negative feeling when you quit smoking
"I felt anxious at the beginning, but it decreased soon",positive,tell me one positive/negative feeling when you quit smoking
I felt I was being responsible for myself and others,positive,tell me one positive/negative feeling when you quit smoking
felt like I was a good person,positive,tell me one positive/negative feeling when you quit smoking
I had better appetite,positive,tell me one positive/negative feeling when you quit smoking
I felt so tired all the time,negative,tell me one positive/negative feeling when you quit smoking
easily irritated ,negative,tell me one positive/negative feeling when you quit smoking
I got angry easily,negative,tell me one positive/negative feeling when you quit smoking
I was sleep all the time,negative,tell me one positive/negative feeling when you quit smoking
I felt sad for no reason,negative,tell me one positive/negative feeling when you quit smoking
my depression got worse,negative,tell me one positive/negative feeling when you quit smoking
I couldn't really focus on anything,negative,tell me one positive/negative feeling when you quit smoking
I couldn't study for my exams,negative,tell me one positive/negative feeling when you quit smoking
I lost my appetite for a while,negative,tell me one positive/negative feeling when you quit smoking
had problem concentrating,negative,tell me one positive/negative feeling when you quit smoking
I felt so annoyed because I was gaining weight,negative,tell me one positive/negative feeling when you quit smoking
very frustrated,negative,tell me one positive/negative feeling when you quit smoking
I don't see any good things,negative,tell me one positive/negative feeling when you quit smoking
It made me feel accomplished and determined.,positive,"Generated by GPT-4 answering the question ""How did that challenge make you feel?"""
I felt really alive and motivated!,positive,"Generated by GPT-4 answering the question ""How did that challenge make you feel?"""
I felt accomplished and empowered.,positive,"Generated by GPT-4 answering the question ""How did that challenge make you feel?"""
It gave me a sense of achievement.,positive,"Generated by GPT-4 answering the question ""How did that challenge make you feel?"""
I felt very productive and competent.,positive,"Generated by GPT-4 answering the question ""How did that challenge make you feel?"""
That challenge made me feel strong and capable.,positive,"Generated by GPT-4 answering the question ""How did that challenge make you feel?"""
It made me feel very satisfied and fulfilled.,positive,"Generated by GPT-4 answering the question ""How did that challenge make you feel?"""
I felt really thrilled to overcome it.,positive,"Generated by GPT-4 answering the question ""How did that challenge make you feel?"""
I felt enlightened and capable.,positive,"Generated by GPT-4 answering the question ""How did that challenge make you feel?"""
I felt really encouraged and enthusiastic.,positive,"Generated by GPT-4 answering the question ""How did that challenge make you feel?"""
I felt extremely proud and accomplished.,positive,"Generated by GPT-4 answering the question ""How did that challenge make you feel?"""
I felt elated because I managed to overcome the obstacles.,positive,"Generated by GPT-4 answering the question ""How did that challenge make you feel?"""
The sense of victory is truly refreshing.,positive,"Generated by GPT-4 answering the question ""How did that challenge make you feel?"""
I am more aware of my abilities now.,positive,"Generated by GPT-4 answering the question ""How did that challenge make you feel?"""
The challenge has sparked my interest even further.,positive,"Generated by GPT-4 answering the question ""How did that challenge make you feel?"""
I felt invincible once I overcame the challenge.,positive,"Generated by GPT-4 answering the question ""How did that challenge make you feel?"""
I feel grateful for the growth it's brought.,positive,"Generated by GPT-4 answering the question ""How did that challenge make you feel?"""
I am inspired to aim even higher now.,positive,"Generated by GPT-4 answering the question ""How did that challenge make you feel?"""
I was positively surprised by my own capabilities.,positive,"Generated by GPT-4 answering the question ""How did that challenge make you feel?"""
I felt elated and relieved to complete it.,positive,"Generated by GPT-4 answering the question ""How did that challenge make you feel?"""
I felt victorious and delighted.,positive,"Generated by GPT-4 answering the question ""How did that challenge make you feel?"""
The feeling of overcoming that challenge was liberating.,positive,"Generated by GPT-4 answering the question ""How did that challenge make you feel?"""
It made me feel capable and confident.,positive,"Generated by GPT-4 answering the question ""How did that challenge make you feel?"""
I felt very passionate while working on it.,positive,"Generated by GPT-4 answering the question ""How did that challenge make you feel?"""
I was so happy when I defeated that challenge.,positive,"Generated by GPT-4 answering the question ""How did that challenge make you feel?"""
It made me feel adventurous.,positive,"Generated by GPT-4 answering the question ""How did that challenge make you feel?"""
I felt secure and capable.,positive,"Generated by GPT-4 answering the question ""How did that challenge make you feel?"""
The experience filled me with joy and excitement.,positive,"Generated by GPT-4 answering the question ""How did that challenge make you feel?"""
I felt audacious and driven.,positive,"Generated by GPT-4 answering the question ""How did that challenge make you feel?"""
I was energized to confront more challenges.,positive,"Generated by GPT-4 answering the question ""How did that challenge make you feel?"""
That challenge left me feeling highly competent.,positive,"Generated by GPT-4 answering the question ""How did that challenge make you feel?"""
I felt skilled and validated afterwards.,positive,"Generated by GPT-4 answering the question ""How did that challenge make you feel?"""
Defeating that challenge was exhilarating.,positive,"Generated by GPT-4 answering the question ""How did that challenge make you feel?"""
It was quite fulfilling and made me feel capable.,positive,"Generated by GPT-4 answering the question ""How did that challenge make you feel?"""
I felt motivated to do even harder tasks.,positive,"Generated by GPT-4 answering the question ""How did that challenge make you feel?"""
That challenge made me feel quite resourceful.,positive,"Generated by GPT-4 answering the question ""How did that challenge make you feel?"""
I felt determined and inspired.,positive,"Generated by GPT-4 answering the question ""How did that challenge make you feel?"""
It made me feel accomplished and ready for more.,positive,"Generated by GPT-4 answering the question ""How did that challenge make you feel?"""
It validated my skills and left me feeling content.,positive,"Generated by GPT-4 answering the question ""How did that challenge make you feel?"""
I felt quite enthusiastic and motivated.,positive,"Generated by GPT-4 answering the question ""How did that challenge make you feel?"""
"It was an invigorating experience, to say the least.",positive,"Generated by GPT-4 answering the question ""How did that challenge make you feel?"""
That challenge make me feel valuable and useful.,positive,"Generated by GPT-4 answering the question ""How did that challenge make you feel?"""
I felt bold and capable.,positive,"Generated by GPT-4 answering the question ""How did that challenge make you feel?"""
I felt enlightened and inspired.,positive,"Generated by GPT-4 answering the question ""How did that challenge make you feel?"""
It was a gratifying experience to tackle that challenge.,positive,"Generated by GPT-4 answering the question ""How did that challenge make you feel?"""
I felt mighty empowered and able.,positive,"Generated by GPT-4 answering the question ""How did that challenge make you feel?"""
It had given me a sense of triumph and determination.,positive,"Generated by GPT-4 answering the question ""How did that challenge make you feel?"""
"It was a validating experience, making me feel super confident.",positive,"Generated by GPT-4 answering the question ""How did that challenge make you feel?"""
I was quite proud of myself.,positive,"Generated by GPT-4 answering the question ""How did that challenge make you feel?"""
It gave me a wonderful sense of achievement.,positive,"Generated by GPT-4 answering the question ""How did that challenge make you feel?"""
The challenge provided a sense of exhilaration.,positive,"Generated by GPT-4 answering the question ""How did that challenge make you feel?"""
I felt extremely competent and successful.,positive,"Generated by GPT-4 answering the question ""How did that challenge make you feel?"""
It was invigorating to solve that challenge.,positive,"Generated by GPT-4 answering the question ""How did that challenge make you feel?"""
I was pleasantly surprised with my performance.”,positive,"Generated by GPT-4 answering the question ""How did that challenge make you feel?"""
It was a morale boost knowing that I could do it.,positive,"Generated by GPT-4 answering the question ""How did that challenge make you feel?"""
The challenge had me feeling like a seasoned pro.,positive,"Generated by GPT-4 answering the question ""How did that challenge make you feel?"""
"It felt like a remarkable achievement, and I am proud.",positive,"Generated by GPT-4 answering the question ""How did that challenge make you feel?"""
"Difficult but uplifting, the challenge brought out the best in me.",positive,"Generated by GPT-4 answering the question ""How did that challenge make you feel?"""
It made me feel excited and driven.,positive,"Generated by GPT-4 answering the question ""How did that challenge make you feel?"""
It gave me a sense of accomplishment.,positive,"Generated by GPT-4 answering the question ""How did that challenge make you feel?"""
Happy that I overcame it.,positive,"Generated by GPT-4 answering the question ""How did that challenge make you feel?"""
It made me feel resourceful and intelligent.,positive,"Generated by GPT-4 answering the question ""How did that challenge make you feel?"""
I felt strong and determined.,positive,"Generated by GPT-4 answering the question ""How did that challenge make you feel?"""
I was thrilled upon its completion.,positive,"Generated by GPT-4 answering the question ""How did that challenge make you feel?"""
"I felt powerful, like I could conquer anything.",positive,"Generated by GPT-4 answering the question ""How did that challenge make you feel?"""
"It boosted my confidence, I felt good about myself.",positive,"Generated by GPT-4 answering the question ""How did that challenge make you feel?"""
I felt like I had achieved my purpose.,positive,"Generated by GPT-4 answering the question ""How did that challenge make you feel?"""
I was overwhelmed with joy and satisfaction.,positive,"Generated by GPT-4 answering the question ""How did that challenge make you feel?"""
I felt positively challenged and rewarded.,positive,"Generated by GPT-4 answering the question ""How did that challenge make you feel?"""
Supercharged with confidence and tenacity.,positive,"Generated by GPT-4 answering the question ""How did that challenge make you feel?"""
It gave me a feeling of triumph.,positive,"Generated by GPT-4 answering the question ""How did that challenge make you feel?"""
I felt truly elated and electrifyingly accomplished.,positive,"Generated by GPT-4 answering the question ""How did that challenge make you feel?"""
It was an enriching and rewarding experience for me.,positive,"Generated by GPT-4 answering the question ""How did that challenge make you feel?"""
"It gave me fond memories, and I felt really fulfilled.",positive,"Generated by GPT-4 answering the question ""How did that challenge make you feel?"""
"Thrilled and excited, the challenge lifted my spirits.",positive,"Generated by GPT-4 answering the question ""How did that challenge make you feel?"""
I was delighted with the experience and outcome!,positive,"Generated by GPT-4 answering the question ""How did that challenge make you feel?"""
The challenge imbued me with energy and ambition.,positive,"Generated by GPT-4 answering the question ""How did that challenge make you feel?"""
I felt intense satisfaction and pride.,positive,"Generated by GPT-4 answering the question ""How did that challenge make you feel?"""
I felt determined and unstoppable.,positive,"Generated by GPT-4 answering the question ""How did that challenge make you feel?"""
It was that kind of challenge that uplifted my spirit.,positive,"Generated by GPT-4 answering the question ""How did that challenge make you feel?"""
I felt an immense sense of accomplishment.,positive,"Generated by GPT-4 answering the question ""How did that challenge make you feel?"""
I felt exhilarated and proud.,positive,"Generated by GPT-4 answering the question ""How did that challenge make you feel?"""
The challenge left me feeling greatly accomplished.,positive,"Generated by GPT-4 answering the question ""How did that challenge make you feel?"""
It made me feel alive and full of zest.,positive,"Generated by GPT-4 answering the question ""How did that challenge make you feel?"""
It was a validating experience; I'm proud of my achievement.,positive,"Generated by GPT-4 answering the question ""How did that challenge make you feel?"""
I felt very satisfied with my performance.,positive,"Generated by GPT-4 answering the question ""How did that challenge make you feel?"""
I felt excited to show my capabilities.,positive,"Generated by GPT-4 answering the question ""How did that challenge make you feel?"""
It was a great source of joy and motivation.,positive,"Generated by GPT-4 answering the question ""How did that challenge make you feel?"""
I felt more confident than ever before.,positive,"Generated by GPT-4 answering the question ""How did that challenge make you feel?"""
I felt capable and ready for more challenges.,positive,"Generated by GPT-4 answering the question ""How did that challenge make you feel?"""
I felt energized and emboldened by the challenge.,positive,"Generated by GPT-4 answering the question ""How did that challenge make you feel?"""
I was overjoyed with my results.,positive,"Generated by GPT-4 answering the question ""How did that challenge make you feel?"""
It made me appreciate my skills and abilities.,positive,"Generated by GPT-4 answering the question ""How did that challenge make you feel?"""
I felt enlightened and enriched by the experience.,positive,"Generated by GPT-4 answering the question ""How did that challenge make you feel?"""
"It was an empowering experience, made me feel strong.",positive,"Generated by GPT-4 answering the question ""How did that challenge make you feel?"""
I felt ecstatic having overcome it.,positive,"Generated by GPT-4 answering the question ""How did that challenge make you feel?"""
I was exceptionally proud of my achievement.,positive,"Generated by GPT-4 answering the question ""How did that challenge make you feel?"""
It was a feeling of sheer exhilaration.,positive,"Generated by GPT-4 answering the question ""How did that challenge make you feel?"""
Absolutely accomplished.,positive,"Generated by GPT-4 answering the question ""How did that challenge make you feel?"""
Extremely invigorated.,positive,"Generated by GPT-4 answering the question ""How did that challenge make you feel?"""
Massively motivated.,positive,"Generated by GPT-4 answering the question ""How did that challenge make you feel?"""
Genuinely excited.,positive,"Generated by GPT-4 answering the question ""How did that challenge make you feel?"""
Totally exhilarated.,positive,"Generated by GPT-4 answering the question ""How did that challenge make you feel?"""
Positively inspired.,positive,"Generated by GPT-4 answering the question ""How did that challenge make you feel?"""
Confident and ready.,positive,"Generated by GPT-4 answering the question ""How did that challenge make you feel?"""
Extremely satisfied.,positive,"Generated by GPT-4 answering the question ""How did that challenge make you feel?"""
Refreshingly challenged.,positive,"Generated by GPT-4 answering the question ""How did that challenge make you feel?"""
Truly empowered.,positive,"Generated by GPT-4 answering the question ""How did that challenge make you feel?"""
Seriously driven.,positive,"Generated by GPT-4 answering the question ""How did that challenge make you feel?"""
Joyously triumphant.,positive,"Generated by GPT-4 answering the question ""How did that challenge make you feel?"""
So capable.,positive,"Generated by GPT-4 answering the question ""How did that challenge make you feel?"""
Fully awakened.,positive,"Generated by GPT-4 answering the question ""How did that challenge make you feel?"""
Brilliantly enlightened.,positive,"Generated by GPT-4 answering the question ""How did that challenge make you feel?"""
Refreshed and recharged.,positive,"Generated by GPT-4 answering the question ""How did that challenge make you feel?"""
Sparklingly rejuvenated.,positive,"Generated by GPT-4 answering the question ""How did that challenge make you feel?"""
Totally pumped.,positive,"Generated by GPT-4 answering the question ""How did that challenge make you feel?"""
Stoked beyond words.,positive,"Generated by GPT-4 answering the question ""How did that challenge make you feel?"""
Extraordinarily hopeful.,positive,"Generated by GPT-4 answering the question ""How did that challenge make you feel?"""
Remarkably engaged.,positive,"Generated by GPT-4 answering the question ""How did that challenge make you feel?"""
Fascinatingly stimulated.,positive,"Generated by GPT-4 answering the question ""How did that challenge make you feel?"""
Purposefully focused.,positive,"Generated by GPT-4 answering the question ""How did that challenge make you feel?"""
Significant and fulfilled.,positive,"Generated by GPT-4 answering the question ""How did that challenge make you feel?"""
Marvelously productive.,positive,"Generated by GPT-4 answering the question ""How did that challenge make you feel?"""
Impressively resilient.,positive,"Generated by GPT-4 answering the question ""How did that challenge make you feel?"""
Valiantly strong.,positive,"Generated by GPT-4 answering the question ""How did that challenge make you feel?"""
Thrilled beyond words.,positive,"Generated by GPT-4 answering the question ""How did that challenge make you feel?"""
Utterly passionate.,positive,"Generated by GPT-4 answering the question ""How did that challenge make you feel?"""
Sensationally ascendant.,positive,"Generated by GPT-4 answering the question ""How did that challenge make you feel?"""
Empowered!,positive,"Generated by GPT-4 answering the question ""How did that challenge make you feel?"""
Motivated!,positive,"Generated by GPT-4 answering the question ""How did that challenge make you feel?"""
Excited.,positive,"Generated by GPT-4 answering the question ""How did that challenge make you feel?"""
Enthralled.,positive,"Generated by GPT-4 answering the question ""How did that challenge make you feel?"""
Fantastic!,positive,"Generated by GPT-4 answering the question ""How did that challenge make you feel?"""
Inspired!,positive,"Generated by GPT-4 answering the question ""How did that challenge make you feel?"""
Elated.,positive,"Generated by GPT-4 answering the question ""How did that challenge make you feel?"""
Really happy.,positive,"Generated by GPT-4 answering the question ""How did that challenge make you feel?"""
Liberated.,positive,"Generated by GPT-4 answering the question ""How did that challenge make you feel?"""
Really confident.,positive,"Generated by GPT-4 answering the question ""How did that challenge make you feel?"""
Grateful.,positive,"Generated by GPT-4 answering the question ""How did that challenge make you feel?"""
Optimistic!,positive,"Generated by GPT-4 answering the question ""How did that challenge make you feel?"""
Very accomplished.,positive,"Generated by GPT-4 answering the question ""How did that challenge make you feel?"""
Enthusiastic.,positive,"Generated by GPT-4 answering the question ""How did that challenge make you feel?"""
Thrilled about it.,positive,"Generated by GPT-4 answering the question ""How did that challenge make you feel?"""
Invigorated!,positive,"Generated by GPT-4 answering the question ""How did that challenge make you feel?"""
Absolutely amazing.,positive,"Generated by GPT-4 answering the question ""How did that challenge make you feel?"""
Super proud.,positive,"Generated by GPT-4 answering the question ""How did that challenge make you feel?"""
I felt hopeful!,positive,"Generated by GPT-4 answering the question ""How did that challenge make you feel?"""
Passionate!,positive,"Generated by GPT-4 answering the question ""How did that challenge make you feel?"""
Invincible!,positive,"Generated by GPT-4 answering the question ""How did that challenge make you feel?"""
Very determined.,positive,"Generated by GPT-4 answering the question ""How did that challenge make you feel?"""
Surprisingly good.,positive,"Generated by GPT-4 answering the question ""How did that challenge make you feel?"""
Quite exhilarated.,positive,"Generated by GPT-4 answering the question ""How did that challenge make you feel?"""
Really satisfied.,positive,"Generated by GPT-4 answering the question ""How did that challenge make you feel?"""
It was uplifting.,positive,"Generated by GPT-4 answering the question ""How did that challenge make you feel?"""
Quite contented.,positive,"Generated by GPT-4 answering the question ""How did that challenge make you feel?"""
Overjoyed.,positive,"Generated by GPT-4 answering the question ""How did that challenge make you feel?"""
Tremendously fulfilled.,positive,"Generated by GPT-4 answering the question ""How did that challenge make you feel?"""
Really engaged.,positive,"Generated by GPT-4 answering the question ""How did that challenge make you feel?"""
It was extremely frustrating and draining.,negative,"Generated by GPT-4 answering the question ""How did that challenge make you feel?"""
I felt so powerless taking up that challenge.,negative,"Generated by GPT-4 answering the question ""How did that challenge make you feel?"""
"Honestly, it was just depressing.",negative,"Generated by GPT-4 answering the question ""How did that challenge make you feel?"""
I was overwhelmed and anxious.,negative,"Generated by GPT-4 answering the question ""How did that challenge make you feel?"""
The challenge left me feeling demotivated.,negative,"Generated by GPT-4 answering the question ""How did that challenge make you feel?"""
"It was distressing, to be honest.",negative,"Generated by GPT-4 answering the question ""How did that challenge make you feel?"""
I felt completely drained and defeated.,negative,"Generated by GPT-4 answering the question ""How did that challenge make you feel?"""
The challenge baffled me and left me feeling lost.,negative,"Generated by GPT-4 answering the question ""How did that challenge make you feel?"""
It was hard and I felt physically and mentally exhausted.,negative,"Generated by GPT-4 answering the question ""How did that challenge make you feel?"""
I felt dumb and incompetent.,negative,"Generated by GPT-4 answering the question ""How did that challenge make you feel?"""
It was stressful and it disrupted my balance.,negative,"Generated by GPT-4 answering the question ""How did that challenge make you feel?"""
The challenge left me feeling lonely.,negative,"Generated by GPT-4 answering the question ""How did that challenge make you feel?"""
I was disappointed in myself after taking the challenge.,negative,"Generated by GPT-4 answering the question ""How did that challenge make you feel?"""
I felt my efforts were inadequate during the challenge.,negative,"Generated by GPT-4 answering the question ""How did that challenge make you feel?"""
It made me doubt my abilities.,negative,"Generated by GPT-4 answering the question ""How did that challenge make you feel?"""
"The challenge was terrible, it made me anxious.",negative,"Generated by GPT-4 answering the question ""How did that challenge make you feel?"""
"Rather than feeling accomplished, I felt inadequate.",negative,"Generated by GPT-4 answering the question ""How did that challenge make you feel?"""
It was the most demoralizing experience I ever had.,negative,"Generated by GPT-4 answering the question ""How did that challenge make you feel?"""
I felt agitated and irritable.,negative,"Generated by GPT-4 answering the question ""How did that challenge make you feel?"""
I found it to be an unhappy and unpleasant experience.,negative,"Generated by GPT-4 answering the question ""How did that challenge make you feel?"""
It made me uncomfortable.,negative,"Generated by GPT-4 answering the question ""How did that challenge make you feel?"""
It was absolutely daunting.,negative,"Generated by GPT-4 answering the question ""How did that challenge make you feel?"""
I felt incapable and less than others.,negative,"Generated by GPT-4 answering the question ""How did that challenge make you feel?"""
The challenge made me feel inferior.,negative,"Generated by GPT-4 answering the question ""How did that challenge make you feel?"""
It made me feel completely insignificant.,negative,"Generated by GPT-4 answering the question ""How did that challenge make you feel?"""
It left me feeling insecure and unsure of myself.,negative,"Generated by GPT-4 answering the question ""How did that challenge make you feel?"""
It was humiliating and demeaning.,negative,"Generated by GPT-4 answering the question ""How did that challenge make you feel?"""
The challenge made me feel melancholic.,negative,"Generated by GPT-4 answering the question ""How did that challenge make you feel?"""
It left me feeling very sorrowful.,negative,"Generated by GPT-4 answering the question ""How did that challenge make you feel?"""
I felt like a failure during and after the challenge.,negative,"Generated by GPT-4 answering the question ""How did that challenge make you feel?"""
"Honestly, the challenge depressed me a lot.",negative,"Generated by GPT-4 answering the question ""How did that challenge make you feel?"""
"It was difficult, I felt disoriented and scared.",negative,"Generated by GPT-4 answering the question ""How did that challenge make you feel?"""
It was simply maddening.,negative,"Generated by GPT-4 answering the question ""How did that challenge make you feel?"""
It was just so dreadful and alarming.,negative,"Generated by GPT-4 answering the question ""How did that challenge make you feel?"""
"I felt uneasiness, it was not pleasant.",negative,"Generated by GPT-4 answering the question ""How did that challenge make you feel?"""
The challenge was heartbreaking.,negative,"Generated by GPT-4 answering the question ""How did that challenge make you feel?"""
The challenge left me feeling despondent.,negative,"Generated by GPT-4 answering the question ""How did that challenge make you feel?"""
It was devastating to my self-esteem.,negative,"Generated by GPT-4 answering the question ""How did that challenge make you feel?"""
"It was nerve-racking, wouldn't want to do it again.",negative,"Generated by GPT-4 answering the question ""How did that challenge make you feel?"""
"I felt upset, it was so annoying.",negative,"Generated by GPT-4 answering the question ""How did that challenge make you feel?"""
"It was less of a challenge, more of a torture.",negative,"Generated by GPT-4 answering the question ""How did that challenge make you feel?"""
"I felt like I was back to square one, no progress whatsoever.",negative,"Generated by GPT-4 answering the question ""How did that challenge make you feel?"""
The challenge was a complete disaster.,negative,"Generated by GPT-4 answering the question ""How did that challenge make you feel?"""
It made me exceptionally sad.,negative,"Generated by GPT-4 answering the question ""How did that challenge make you feel?"""
"It was truly awful, drained me emotionally.",negative,"Generated by GPT-4 answering the question ""How did that challenge make you feel?"""
Felt like the worst misery I have ever undergone.,negative,"Generated by GPT-4 answering the question ""How did that challenge make you feel?"""
I was utterly disillusioned with the challenge.,negative,"Generated by GPT-4 answering the question ""How did that challenge make you feel?"""
I felt beat down and hopeless.,negative,"Generated by GPT-4 answering the question ""How did that challenge make you feel?"""
All I felt was distress and despair.,negative,"Generated by GPT-4 answering the question ""How did that challenge make you feel?"""
It was really discouraging and off-putting.,negative,"Generated by GPT-4 answering the question ""How did that challenge make you feel?"""
The challenge made me feel like I was in hell.,negative,"Generated by GPT-4 answering the question ""How did that challenge make you feel?"""
I was totally dejected after that challenge.,negative,"Generated by GPT-4 answering the question ""How did that challenge make you feel?"""
"It hurt me deep down, I felt betrayed.",negative,"Generated by GPT-4 answering the question ""How did that challenge make you feel?"""
I've never felt more demotivated.,negative,"Generated by GPT-4 answering the question ""How did that challenge make you feel?"""
"Overall, I felt disheartened.",negative,"Generated by GPT-4 answering the question ""How did that challenge make you feel?"""
That challenge was a complete nightmare.,negative,"Generated by GPT-4 answering the question ""How did that challenge make you feel?"""
"It was a really tough experience, far from enjoyment.",negative,"Generated by GPT-4 answering the question ""How did that challenge make you feel?"""
The challenge crushed me to the core.,negative,"Generated by GPT-4 answering the question ""How did that challenge make you feel?"""
It made me feel totally substandard.,negative,"Generated by GPT-4 answering the question ""How did that challenge make you feel?"""
"It was miserable, wrenching, and unpleasant.",negative,"Generated by GPT-4 answering the question ""How did that challenge make you feel?"""
"A terrible experience, would prefer not to recall.",negative,"Generated by GPT-4 answering the question ""How did that challenge make you feel?"""
"Horrible, beyond any comparison.",negative,"Generated by GPT-4 answering the question ""How did that challenge make you feel?"""
I felt like I was a loser.,negative,"Generated by GPT-4 answering the question ""How did that challenge make you feel?"""
Stressful to the point I almost had a breakdown.,negative,"Generated by GPT-4 answering the question ""How did that challenge make you feel?"""
"It was overwhelming, I felt like I was drowning.",negative,"Generated by GPT-4 answering the question ""How did that challenge make you feel?"""
It seemed pointless and I felt worthless.,negative,"Generated by GPT-4 answering the question ""How did that challenge make you feel?"""
I've never felt more upset and confused.,negative,"Generated by GPT-4 answering the question ""How did that challenge make you feel?"""
That challenge was a harsh reality check.,negative,"Generated by GPT-4 answering the question ""How did that challenge make you feel?"""
"It was a gnawing feeling, utter dismay.",negative,"Generated by GPT-4 answering the question ""How did that challenge make you feel?"""
The challenge made me feel desolate.,negative,"Generated by GPT-4 answering the question ""How did that challenge make you feel?"""
"Downright terrible, I felt defeated.",negative,"Generated by GPT-4 answering the question ""How did that challenge make you feel?"""
It utterly stabbed me in my self-confidence.,negative,"Generated by GPT-4 answering the question ""How did that challenge make you feel?"""
I felt like a nonentity after the challenge.,negative,"Generated by GPT-4 answering the question ""How did that challenge make you feel?"""
"Felt like a punching bag, totally battered.",negative,"Generated by GPT-4 answering the question ""How did that challenge make you feel?"""
It left me in a lamentable state.,negative,"Generated by GPT-4 answering the question ""How did that challenge make you feel?"""
"An absolute mishap, I felt crushed.",negative,"Generated by GPT-4 answering the question ""How did that challenge make you feel?"""
The challenge was quite a blunder on my part.,negative,"Generated by GPT-4 answering the question ""How did that challenge make you feel?"""
I feel a deep sense of regret after taking the challenge.,negative,"Generated by GPT-4 answering the question ""How did that challenge make you feel?"""
It was a feeling of worthlessness all through.,negative,"Generated by GPT-4 answering the question ""How did that challenge make you feel?"""
I felt like all my time and effort wasted.,negative,"Generated by GPT-4 answering the question ""How did that challenge make you feel?"""
I've never felt more resentful towards anything.,negative,"Generated by GPT-4 answering the question ""How did that challenge make you feel?"""
It made me feel extremely rejected.,negative,"Generated by GPT-4 answering the question ""How did that challenge make you feel?"""
"A total calamity, felt awful throughout.",negative,"Generated by GPT-4 answering the question ""How did that challenge make you feel?"""
"Every minute felt like a year, utterly dreadful.",negative,"Generated by GPT-4 answering the question ""How did that challenge make you feel?"""
"It was tormenting, literally tormenting.",negative,"Generated by GPT-4 answering the question ""How did that challenge make you feel?"""
I felt completely pruned after the challenge.,negative,"Generated by GPT-4 answering the question ""How did that challenge make you feel?"""
It made me feel repudiated.,negative,"Generated by GPT-4 answering the question ""How did that challenge make you feel?"""
"The challenge left me in a ruinous state, emotionally.",negative,"Generated by GPT-4 answering the question ""How did that challenge make you feel?"""
"My hope was shattered, it was far from uplifting.",negative,"Generated by GPT-4 answering the question ""How did that challenge make you feel?"""
It felt like a dark cloud hovering over me the entire time.,negative,"Generated by GPT-4 answering the question ""How did that challenge make you feel?"""
A deep sense of disappointment is all I recall.,negative,"Generated by GPT-4 answering the question ""How did that challenge make you feel?"""
"It was excruciating, every single part of it.",negative,"Generated by GPT-4 answering the question ""How did that challenge make you feel?"""
I felt a sense of disgust and distaste.,negative,"Generated by GPT-4 answering the question ""How did that challenge make you feel?"""
"I felt extremely upset, it was dreadfully disheartening.",negative,"Generated by GPT-4 answering the question ""How did that challenge make you feel?"""
"It was unbearable, I felt nauseous just thinking about it.",negative,"Generated by GPT-4 answering the question ""How did that challenge make you feel?"""
"It was pure torture, a painful ordeal.",negative,"Generated by GPT-4 answering the question ""How did that challenge make you feel?"""
The whole process was completely mortifying.,negative,"Generated by GPT-4 answering the question ""How did that challenge make you feel?"""
I experienced profound sadness throughout the challenge.,negative,"Generated by GPT-4 answering the question ""How did that challenge make you feel?"""
"It was absolutely revolting, shook me mentally.",negative,"Generated by GPT-4 answering the question ""How did that challenge make you feel?"""
"It was far from invigorating, just a harsh blow to me.",negative,"Generated by GPT-4 answering the question ""How did that challenge make you feel?"""
Extremely overwhelmed.,negative,"Generated by GPT-4 answering the question ""How did that challenge make you feel?"""
Very frustrated.,negative,"Generated by GPT-4 answering the question ""How did that challenge make you feel?"""
Totally defeated.,negative,"Generated by GPT-4 answering the question ""How did that challenge make you feel?"""
Absolutely exhausted.,negative,"Generated by GPT-4 answering the question ""How did that challenge make you feel?"""
Incredibly anxious.,negative,"Generated by GPT-4 answering the question ""How did that challenge make you feel?"""
Completely helpless.,negative,"Generated by GPT-4 answering the question ""How did that challenge make you feel?"""
Horribly stressed.,negative,"Generated by GPT-4 answering the question ""How did that challenge make you feel?"""
Utterly insignificant.,negative,"Generated by GPT-4 answering the question ""How did that challenge make you feel?"""
Exasperated beyond belief.,negative,"Generated by GPT-4 answering the question ""How did that challenge make you feel?"""
Absolutely infuriated.,negative,"Generated by GPT-4 answering the question ""How did that challenge make you feel?"""
Highly disappointed.,negative,"Generated by GPT-4 answering the question ""How did that challenge make you feel?"""
Terrified till the core.,negative,"Generated by GPT-4 answering the question ""How did that challenge make you feel?"""
Deeply distressed.,negative,"Generated by GPT-4 answering the question ""How did that challenge make you feel?"""
Bitterly upset.,negative,"Generated by GPT-4 answering the question ""How did that challenge make you feel?"""
Totally demotivated.,negative,"Generated by GPT-4 answering the question ""How did that challenge make you feel?"""
Incredibly scared.,negative,"Generated by GPT-4 answering the question ""How did that challenge make you feel?"""
Completely discouraged.,negative,"Generated by GPT-4 answering the question ""How did that challenge make you feel?"""
Clearly annoyed.,negative,"Generated by GPT-4 answering the question ""How did that challenge make you feel?"""
Hopelessly confused.,negative,"Generated by GPT-4 answering the question ""How did that challenge make you feel?"""
Utterly disgusted.,negative,"Generated by GPT-4 answering the question ""How did that challenge make you feel?"""
Seriously irritated.,negative,"Generated by GPT-4 answering the question ""How did that challenge make you feel?"""
Hugely embarrassed.,negative,"Generated by GPT-4 answering the question ""How did that challenge make you feel?"""
Extraordinarily uncomfortable.,negative,"Generated by GPT-4 answering the question ""How did that challenge make you feel?"""
Impatient and displeased.,negative,"Generated by GPT-4 answering the question ""How did that challenge make you feel?"""
Outrageously angry.,negative,"Generated by GPT-4 answering the question ""How did that challenge make you feel?"""
Terribly insulted.,negative,"Generated by GPT-4 answering the question ""How did that challenge make you feel?"""
Significantly bothered.,negative,"Generated by GPT-4 answering the question ""How did that challenge make you feel?"""
Deeply defeated.,negative,"Generated by GPT-4 answering the question ""How did that challenge make you feel?"""
Remarkably discontented.,negative,"Generated by GPT-4 answering the question ""How did that challenge make you feel?"""
Unacceptably depressed.,negative,"Generated by GPT-4 answering the question ""How did that challenge make you feel?"""
Overwhelmed!,negative,"Generated by GPT-4 answering the question ""How did that challenge make you feel?"""
Very frustrated.,negative,"Generated by GPT-4 answering the question ""How did that challenge make you feel?"""
Extremely stressed.,negative,"Generated by GPT-4 answering the question ""How did that challenge make you feel?"""
Absolutely terrified.,negative,"Generated by GPT-4 answering the question ""How did that challenge make you feel?"""
I felt defeated.,negative,"Generated by GPT-4 answering the question ""How did that challenge make you feel?"""
Quite discouraged.,negative,"Generated by GPT-4 answering the question ""How did that challenge make you feel?"""
Exhausted.,negative,"Generated by GPT-4 answering the question ""How did that challenge make you feel?"""
So anxious.,negative,"Generated by GPT-4 answering the question ""How did that challenge make you feel?"""
Totally helpless.,negative,"Generated by GPT-4 answering the question ""How did that challenge make you feel?"""
Quite upset.,negative,"Generated by GPT-4 answering the question ""How did that challenge make you feel?"""
Very disturbed.,negative,"Generated by GPT-4 answering the question ""How did that challenge make you feel?"""
Extremely disappointed.,negative,"Generated by GPT-4 answering the question ""How did that challenge make you feel?"""
I felt hopeless.,negative,"Generated by GPT-4 answering the question ""How did that challenge make you feel?"""
Saddened.,negative,"Generated by GPT-4 answering the question ""How did that challenge make you feel?"""
Quite disheartened.,negative,"Generated by GPT-4 answering the question ""How did that challenge make you feel?"""
Miserable.,negative,"Generated by GPT-4 answering the question ""How did that challenge make you feel?"""
Demotivated.,negative,"Generated by GPT-4 answering the question ""How did that challenge make you feel?"""
Very aggrieved.,negative,"Generated by GPT-4 answering the question ""How did that challenge make you feel?"""
So dismayed.,negative,"Generated by GPT-4 answering the question ""How did that challenge make you feel?"""
Embarrassed.,negative,"Generated by GPT-4 answering the question ""How did that challenge make you feel?"""
Quite dejected.,negative,"Generated by GPT-4 answering the question ""How did that challenge make you feel?"""
Bitter.,negative,"Generated by GPT-4 answering the question ""How did that challenge make you feel?"""
Strangely Empty.,negative,"Generated by GPT-4 answering the question ""How did that challenge make you feel?"""
Irritated.,negative,"Generated by GPT-4 answering the question ""How did that challenge make you feel?"""
Sick and tired.,negative,"Generated by GPT-4 answering the question ""How did that challenge make you feel?"""
Resentful.,negative,"Generated by GPT-4 answering the question ""How did that challenge make you feel?"""
Crushed.,negative,"Generated by GPT-4 answering the question ""How did that challenge make you feel?"""
Deeply troubled.,negative,"Generated by GPT-4 answering the question ""How did that challenge make you feel?"""
Unhappy.,negative,"Generated by GPT-4 answering the question ""How did that challenge make you feel?"""
Devastated.,negative,"Generated by GPT-4 answering the question ""How did that challenge make you feel?"""
"Honestly, I didn't enjoy it at all.",negative,"Generated by GPT-4 answering the question ""How did you like it?"""
It left me feeling disappointed.,negative,"Generated by GPT-4 answering the question ""How did you like it?"""
I've seen better.,negative,"Generated by GPT-4 answering the question ""How did you like it?"""
It was not as good as I expected.,negative,"Generated by GPT-4 answering the question ""How did you like it?"""
I've had better experiences.,negative,"Generated by GPT-4 answering the question ""How did you like it?"""
I was frustrated with it.,negative,"Generated by GPT-4 answering the question ""How did you like it?"""
I hated it actually.,negative,"Generated by GPT-4 answering the question ""How did you like it?"""
The experience was terrible.,negative,"Generated by GPT-4 answering the question ""How did you like it?"""
I think it could've been better.,negative,"Generated by GPT-4 answering the question ""How did you like it?"""
It wasn’t up to my expectations.,negative,"Generated by GPT-4 answering the question ""How did you like it?"""
It was a waste of time.,negative,"Generated by GPT-4 answering the question ""How did you like it?"""
It was nowhere near good.,negative,"Generated by GPT-4 answering the question ""How did you like it?"""
I didn't enjoy it.,negative,"Generated by GPT-4 answering the question ""How did you like it?"""
It was absolutely dreadful.,negative,"Generated by GPT-4 answering the question ""How did you like it?"""
It did not meet my requirements.,negative,"Generated by GPT-4 answering the question ""How did you like it?"""
It was difficult to stomach.,negative,"Generated by GPT-4 answering the question ""How did you like it?"""
Wish I hadn't tried it.,negative,"Generated by GPT-4 answering the question ""How did you like it?"""
Did not live up to the hype.,negative,"Generated by GPT-4 answering the question ""How did you like it?"""
I feel it wasn't worth it.,negative,"Generated by GPT-4 answering the question ""How did you like it?"""
That was uninspiring.,negative,"Generated by GPT-4 answering the question ""How did you like it?"""
It was not interesting at all.,negative,"Generated by GPT-4 answering the question ""How did you like it?"""
It was quite unimpressive.,negative,"Generated by GPT-4 answering the question ""How did you like it?"""
I found it very boring.,negative,"Generated by GPT-4 answering the question ""How did you like it?"""
It left me with a bitter taste.,negative,"Generated by GPT-4 answering the question ""How did you like it?"""
I'd rather skip it next time.,negative,"Generated by GPT-4 answering the question ""How did you like it?"""
I didn’t like it one bit.,negative,"Generated by GPT-4 answering the question ""How did you like it?"""
Unsatisfactory is the word.,negative,"Generated by GPT-4 answering the question ""How did you like it?"""
It was painful to go through.,negative,"Generated by GPT-4 answering the question ""How did you like it?"""
It was draining and dull.,negative,"Generated by GPT-4 answering the question ""How did you like it?"""
"Honestly, that was awful.",negative,"Generated by GPT-4 answering the question ""How did you like it?"""
I didn’t have much fun.,negative,"Generated by GPT-4 answering the question ""How did you like it?"""
It wasn’t my cup of tea.,negative,"Generated by GPT-4 answering the question ""How did you like it?"""
I regret doing it.,negative,"Generated by GPT-4 answering the question ""How did you like it?"""
That was a letdown.,negative,"Generated by GPT-4 answering the question ""How did you like it?"""
I cannot say I enjoyed it.,negative,"Generated by GPT-4 answering the question ""How did you like it?"""
I found it very tedious.,negative,"Generated by GPT-4 answering the question ""How did you like it?"""
It was totally rubbish.,negative,"Generated by GPT-4 answering the question ""How did you like it?"""
Utter disappointment.,negative,"Generated by GPT-4 answering the question ""How did you like it?"""
I wish I had avoided it.,negative,"Generated by GPT-4 answering the question ""How did you like it?"""
It just didn’t do it for me.,negative,"Generated by GPT-4 answering the question ""How did you like it?"""
It was plain terrible.,negative,"Generated by GPT-4 answering the question ""How did you like it?"""
It fell flat.,negative,"Generated by GPT-4 answering the question ""How did you like it?"""
I’d rather not talk about it.,negative,"Generated by GPT-4 answering the question ""How did you like it?"""
It was quite a failure.,negative,"Generated by GPT-4 answering the question ""How did you like it?"""
Not one of my best experiences.,negative,"Generated by GPT-4 answering the question ""How did you like it?"""
A big no from me.,negative,"Generated by GPT-4 answering the question ""How did you like it?"""
It didn’t live up to my expectations.,negative,"Generated by GPT-4 answering the question ""How did you like it?"""
I found it poorly executed.,negative,"Generated by GPT-4 answering the question ""How did you like it?"""
It was annoying and frustrating.,negative,"Generated by GPT-4 answering the question ""How did you like it?"""
I didn’t really care for it.,negative,"Generated by GPT-4 answering the question ""How did you like it?"""
It was not enjoyable.,negative,"Generated by GPT-4 answering the question ""How did you like it?"""
Thoroughly underwhelming.,negative,"Generated by GPT-4 answering the question ""How did you like it?"""
I wouldn't recommend it.,negative,"Generated by GPT-4 answering the question ""How did you like it?"""
It was really not my thing.,negative,"Generated by GPT-4 answering the question ""How did you like it?"""
I was totally disappointed.,negative,"Generated by GPT-4 answering the question ""How did you like it?"""
It wasn’t even remotely good.,negative,"Generated by GPT-4 answering the question ""How did you like it?"""
It was nothing but trouble.,negative,"Generated by GPT-4 answering the question ""How did you like it?"""
It was simply bad.,negative,"Generated by GPT-4 answering the question ""How did you like it?"""
Something was off about it.,negative,"Generated by GPT-4 answering the question ""How did you like it?"""
I thought it was ghastly.,negative,"Generated by GPT-4 answering the question ""How did you like it?"""
I wished it had been better.,negative,"Generated by GPT-4 answering the question ""How did you like it?"""
It was laborious and unenjoyable.,negative,"Generated by GPT-4 answering the question ""How did you like it?"""
It didn’t make a good impression.,negative,"Generated by GPT-4 answering the question ""How did you like it?"""
It was not worth it.,negative,"Generated by GPT-4 answering the question ""How did you like it?"""
It was horrific.,negative,"Generated by GPT-4 answering the question ""How did you like it?"""
It was just appalling.,negative,"Generated by GPT-4 answering the question ""How did you like it?"""
I found it hard to like.,negative,"Generated by GPT-4 answering the question ""How did you like it?"""
It was a poor experience.,negative,"Generated by GPT-4 answering the question ""How did you like it?"""
I wish I could undo it.,negative,"Generated by GPT-4 answering the question ""How did you like it?"""
It was fully disappointing.,negative,"Generated by GPT-4 answering the question ""How did you like it?"""
It was forgettable.,negative,"Generated by GPT-4 answering the question ""How did you like it?"""
I found nothing enjoyable about it.,negative,"Generated by GPT-4 answering the question ""How did you like it?"""
It was irritating to say the least.,negative,"Generated by GPT-4 answering the question ""How did you like it?"""
I wasn’t into it.,negative,"Generated by GPT-4 answering the question ""How did you like it?"""
It was a disaster.,negative,"Generated by GPT-4 answering the question ""How did you like it?"""
It was subpar.,negative,"Generated by GPT-4 answering the question ""How did you like it?"""
It fell short.,negative,"Generated by GPT-4 answering the question ""How did you like it?"""
I had a terrible time.,negative,"Generated by GPT-4 answering the question ""How did you like it?"""
I didn’t find it engaging.,negative,"Generated by GPT-4 answering the question ""How did you like it?"""
It was very unsatisfying.,negative,"Generated by GPT-4 answering the question ""How did you like it?"""
It was quite aggravating.,negative,"Generated by GPT-4 answering the question ""How did you like it?"""
I found it pretty uninteresting.,negative,"Generated by GPT-4 answering the question ""How did you like it?"""
I was bewildered.,negative,"Generated by GPT-4 answering the question ""How did you like it?"""
I thought it was very mundane.,negative,"Generated by GPT-4 answering the question ""How did you like it?"""
It was a bit dreadful.,negative,"Generated by GPT-4 answering the question ""How did you like it?"""
It was not up to the standard.,negative,"Generated by GPT-4 answering the question ""How did you like it?"""
Created more stress than pleasure.,negative,"Generated by GPT-4 answering the question ""How did you like it?"""
I had higher expectations.,negative,"Generated by GPT-4 answering the question ""How did you like it?"""
I had to force myself through it.,negative,"Generated by GPT-4 answering the question ""How did you like it?"""
It was unimaginative.,negative,"Generated by GPT-4 answering the question ""How did you like it?"""
It didn’t captivate me at all.,negative,"Generated by GPT-4 answering the question ""How did you like it?"""
It was utterly displeasing.,negative,"Generated by GPT-4 answering the question ""How did you like it?"""
I was underwhelmed.,negative,"Generated by GPT-4 answering the question ""How did you like it?"""
Way below expectations.,negative,"Generated by GPT-4 answering the question ""How did you like it?"""
I wish I could unsee it.,negative,"Generated by GPT-4 answering the question ""How did you like it?"""
It seemed like bad quality.,negative,"Generated by GPT-4 answering the question ""How did you like it?"""
Felt like a waste of my time.,negative,"Generated by GPT-4 answering the question ""How did you like it?"""
I couldn’t stand it.,negative,"Generated by GPT-4 answering the question ""How did you like it?"""
"It wasn’t very good, was it?",negative,"Generated by GPT-4 answering the question ""How did you like it?"""
I'm afraid I didn't find it appealing.,negative,"Generated by GPT-4 answering the question ""How did you like it?"""
I totally loved it! ,positive,"Generated by GPT-4 answering the question ""How did you like it?"""
It was absolutely fantastic! ,positive,"Generated by GPT-4 answering the question ""How did you like it?"""
"I couldn't have asked for more, it was perfect. ",positive,"Generated by GPT-4 answering the question ""How did you like it?"""
"Can't stop appreciating, it was that amazing. ",positive,"Generated by GPT-4 answering the question ""How did you like it?"""
It was like a dream come true! ,positive,"Generated by GPT-4 answering the question ""How did you like it?"""
Could not have been better - Exceeded expectations! ,positive,"Generated by GPT-4 answering the question ""How did you like it?"""
I really enjoyed it. ,positive,"Generated by GPT-4 answering the question ""How did you like it?"""
It was such a refreshing experience. ,positive,"Generated by GPT-4 answering the question ""How did you like it?"""
I was completely impressed. ,positive,"Generated by GPT-4 answering the question ""How did you like it?"""
It was a delightful experience. ,positive,"Generated by GPT-4 answering the question ""How did you like it?"""
It was so interesting. ,positive,"Generated by GPT-4 answering the question ""How did you like it?"""
"Incredibly good, I must say. ",positive,"Generated by GPT-4 answering the question ""How did you like it?"""
I found it highly rewarding. ,positive,"Generated by GPT-4 answering the question ""How did you like it?"""
Truly captivating and mesmerizing. ,positive,"Generated by GPT-4 answering the question ""How did you like it?"""
I had the best time. ,positive,"Generated by GPT-4 answering the question ""How did you like it?"""
"Just wonderful, I absolutely loved it. ",positive,"Generated by GPT-4 answering the question ""How did you like it?"""
I had a really great time. ,positive,"Generated by GPT-4 answering the question ""How did you like it?"""
The best experience I have had in a while. ,positive,"Generated by GPT-4 answering the question ""How did you like it?"""
I thought it was impressively well-done. ,positive,"Generated by GPT-4 answering the question ""How did you like it?"""
It was certainly a pleasure. ,positive,"Generated by GPT-4 answering the question ""How did you like it?"""
I really liked it. ,positive,"Generated by GPT-4 answering the question ""How did you like it?"""
It was quite entertaining. ,positive,"Generated by GPT-4 answering the question ""How did you like it?"""
It was an enjoyable experience. ,positive,"Generated by GPT-4 answering the question ""How did you like it?"""
It was simply brilliant. ,positive,"Generated by GPT-4 answering the question ""How did you like it?"""
Loved every bit of it. ,positive,"Generated by GPT-4 answering the question ""How did you like it?"""
It was absolutely lit. ,positive,"Generated by GPT-4 answering the question ""How did you like it?"""
Highly satisfactory and thoroughly enjoyable. ,positive,"Generated by GPT-4 answering the question ""How did you like it?"""
Marvelous! I was totally taken by it. ,positive,"Generated by GPT-4 answering the question ""How did you like it?"""
It was a great balance of fun and learning. ,positive,"Generated by GPT-4 answering the question ""How did you like it?"""
It was absolutely top-notch. ,positive,"Generated by GPT-4 answering the question ""How did you like it?"""
"I'm so glad I participated, it was fantastic. ",positive,"Generated by GPT-4 answering the question ""How did you like it?"""
Truly remarkable. ,positive,"Generated by GPT-4 answering the question ""How did you like it?"""
"Absolutely delightful, fantastic experience. ",positive,"Generated by GPT-4 answering the question ""How did you like it?"""
Loved it to the moon and back! ,positive,"Generated by GPT-4 answering the question ""How did you like it?"""
I found it very exciting and refreshing. ,positive,"Generated by GPT-4 answering the question ""How did you like it?"""
Thoroughly entertaining and enjoyable. ,positive,"Generated by GPT-4 answering the question ""How did you like it?"""
Very captivating and emotionally stimulating. ,positive,"Generated by GPT-4 answering the question ""How did you like it?"""
I was thrilled with it. ,positive,"Generated by GPT-4 answering the question ""How did you like it?"""
It was super fun! ,positive,"Generated by GPT-4 answering the question ""How did you like it?"""
"Remarkably well done, it was exceptional. ",positive,"Generated by GPT-4 answering the question ""How did you like it?"""
"Such a great experience, I enjoyed every moment. ",positive,"Generated by GPT-4 answering the question ""How did you like it?"""
It was a really heartwarming experience. ,positive,"Generated by GPT-4 answering the question ""How did you like it?"""
"Incredibly well executed, I loved it. ",positive,"Generated by GPT-4 answering the question ""How did you like it?"""
"It was fun, engaging and I loved it. ",positive,"Generated by GPT-4 answering the question ""How did you like it?"""
"Oh, it was absolutely wonderful! ",positive,"Generated by GPT-4 answering the question ""How did you like it?"""
Such an enriching experience. ,positive,"Generated by GPT-4 answering the question ""How did you like it?"""
"It was delightful, I had a wonderful time. ",positive,"Generated by GPT-4 answering the question ""How did you like it?"""
"Couldn't have been better, it was perfect! ",positive,"Generated by GPT-4 answering the question ""How did you like it?"""
I found it sensationally pleasing. ,positive,"Generated by GPT-4 answering the question ""How did you like it?"""
"Superb, it was so good. ",positive,"Generated by GPT-4 answering the question ""How did you like it?"""
"It was surprisingly good, I loved it! ",positive,"Generated by GPT-4 answering the question ""How did you like it?"""
"Excellent, I thoroughly enjoyed it. ",positive,"Generated by GPT-4 answering the question ""How did you like it?"""
"Precisely what I needed, it was awesome! ",positive,"Generated by GPT-4 answering the question ""How did you like it?"""
I had a great time and learned so much. ,positive,"Generated by GPT-4 answering the question ""How did you like it?"""
It was totally worth my time. ,positive,"Generated by GPT-4 answering the question ""How did you like it?"""
It was mindblowingly good! ,positive,"Generated by GPT-4 answering the question ""How did you like it?"""
"A unique experience, very memorable. ",positive,"Generated by GPT-4 answering the question ""How did you like it?"""
It was everything I expected and more. ,positive,"Generated by GPT-4 answering the question ""How did you like it?"""
"A top-rated experience, I thoroughly enjoyed it. ",positive,"Generated by GPT-4 answering the question ""How did you like it?"""
Wasn't that just splendid. ,positive,"Generated by GPT-4 answering the question ""How did you like it?"""
Totally rocking - I loved it! ,positive,"Generated by GPT-4 answering the question ""How did you like it?"""
A fantastic experience overall. ,positive,"Generated by GPT-4 answering the question ""How did you like it?"""
Incredibly satisfying - It was brilliant. ,positive,"Generated by GPT-4 answering the question ""How did you like it?"""
"The highlight of my day, it was great. ",positive,"Generated by GPT-4 answering the question ""How did you like it?"""
"Exceptionally well done, exceeded my expectations. ",positive,"Generated by GPT-4 answering the question ""How did you like it?"""
It was absolutely amazing! ,positive,"Generated by GPT-4 answering the question ""How did you like it?"""
Full of surprise and excitement. Loved it! ,positive,"Generated by GPT-4 answering the question ""How did you like it?"""
That was exceptional. Really impressive. ,positive,"Generated by GPT-4 answering the question ""How did you like it?"""
Amazing! It was better than I expected. ,positive,"Generated by GPT-4 answering the question ""How did you like it?"""
Blown away. It was that good. ,positive,"Generated by GPT-4 answering the question ""How did you like it?"""
Wow! That was simply the best. ,positive,"Generated by GPT-4 answering the question ""How did you like it?"""
Overwhelmingly good. I had a great time. ,positive,"Generated by GPT-4 answering the question ""How did you like it?"""
Epic! I’ve never seen anything like it before. ,positive,"Generated by GPT-4 answering the question ""How did you like it?"""
Super enjoyable. Couldn't have asked for more. ,positive,"Generated by GPT-4 answering the question ""How did you like it?"""
Noteworthy. I was really delighted. ,positive,"Generated by GPT-4 answering the question ""How did you like it?"""
Very satisfactory! I am pleased. ,positive,"Generated by GPT-4 answering the question ""How did you like it?"""
Exciting. I can't stop talking about it. ,positive,"Generated by GPT-4 answering the question ""How did you like it?"""
That was top class! Really enjoyed it. ,positive,"Generated by GPT-4 answering the question ""How did you like it?"""
Flawless! Had a wonderful time. ,positive,"Generated by GPT-4 answering the question ""How did you like it?"""
I've never had such a good time before. ,positive,"Generated by GPT-4 answering the question ""How did you like it?"""
It was very intriguing. Can't wait for more. ,positive,"Generated by GPT-4 answering the question ""How did you like it?"""
I loved it. It made my day. ,positive,"Generated by GPT-4 answering the question ""How did you like it?"""
Breathtaking! I was absorbed by it. ,positive,"Generated by GPT-4 answering the question ""How did you like it?"""
Outstanding. I'm keen to see more. ,positive,"Generated by GPT-4 answering the question ""How did you like it?"""
Unforgettable experience. Really pleasing. ,positive,"Generated by GPT-4 answering the question ""How did you like it?"""
Surprisingly awesome. I really enjoyed it. ,positive,"Generated by GPT-4 answering the question ""How did you like it?"""
Excellent! I'm pleased. ,positive,"Generated by GPT-4 answering the question ""How did you like it?"""
Remarkable. I couldn't ask for better. ,positive,"Generated by GPT-4 answering the question ""How did you like it?"""
Very enriching. I am really glad to have had this experience. ,positive,"Generated by GPT-4 answering the question ""How did you like it?"""
100% great! Totally worth it. ,positive,"Generated by GPT-4 answering the question ""How did you like it?"""
Epic experience. Couldn't have been happier. ,positive,"Generated by GPT-4 answering the question ""How did you like it?"""
Perfect! It was nicely done. ,positive,"Generated by GPT-4 answering the question ""How did you like it?"""
It was terrific. I had a great time. ,positive,"Generated by GPT-4 answering the question ""How did you like it?"""
Absolutely fabulous. I'm really pleased. ,positive,"Generated by GPT-4 answering the question ""How did you like it?"""
That was a masterpiece! ,positive,"Generated by GPT-4 answering the question ""How did you like it?"""
Simply incredible. I'm impressed. ,positive,"Generated by GPT-4 answering the question ""How did you like it?"""
"Best ever, I had the time of my life. ",positive,"Generated by GPT-4 answering the question ""How did you like it?"""
I had an absolute blast. ,positive,"Generated by GPT-4 answering the question ""How did you like it?"""
I was amazed at how good it turned out. ,positive,"Generated by GPT-4 answering the question ""How did you like it?"""
Absolutely stunning.,positive,"Generated by GPT-4 answering the question ""How did you like it?"""
I loved it!,positive,"Generated by GPT-4 answering the question ""How did you like it?"""
"Amazing, just perfect.",positive,"Generated by GPT-4 answering the question ""How did you like it?"""
"Great, extremely enjoyable.",positive,"Generated by GPT-4 answering the question ""How did you like it?"""
"Fantastic, beyond expectations.",positive,"Generated by GPT-4 answering the question ""How did you like it?"""
"Wonderful, exactly what I needed.",positive,"Generated by GPT-4 answering the question ""How did you like it?"""
"Extraordinary, very unique.",positive,"Generated by GPT-4 answering the question ""How did you like it?"""
"Impressive, kudos to you.",positive,"Generated by GPT-4 answering the question ""How did you like it?"""
"Enchanting, I was captivated.",positive,"Generated by GPT-4 answering the question ""How did you like it?"""
"Sensational, really well done.",positive,"Generated by GPT-4 answering the question ""How did you like it?"""
"Exceptional, highly recommend it.",positive,"Generated by GPT-4 answering the question ""How did you like it?"""
"Astonishing, blew me away.",positive,"Generated by GPT-4 answering the question ""How did you like it?"""
"Splendid, worth my time.",positive,"Generated by GPT-4 answering the question ""How did you like it?"""
"Marvelous, must try for everyone.",positive,"Generated by GPT-4 answering the question ""How did you like it?"""
"Delightful, pure joy.",positive,"Generated by GPT-4 answering the question ""How did you like it?"""
"Exquisite, masterpiece indeed.",positive,"Generated by GPT-4 answering the question ""How did you like it?"""
"Superb, far surpassed expectations.",positive,"Generated by GPT-4 answering the question ""How did you like it?"""
"Stellar, A+ for sure.",positive,"Generated by GPT-4 answering the question ""How did you like it?"""
"Phenomenal, tremendously good.",positive,"Generated by GPT-4 answering the question ""How did you like it?"""
"Dazzling, quite an experience.",positive,"Generated by GPT-4 answering the question ""How did you like it?"""
"Outstanding, tops my list.",positive,"Generated by GPT-4 answering the question ""How did you like it?"""
It was absolutely enchanting.,positive,"Generated by GPT-4 answering the question ""How did you like it?"""
Truly invigorating.,positive,"Generated by GPT-4 answering the question ""How did you like it?"""
"Captivating, hooked from start.",positive,"Generated by GPT-4 answering the question ""How did you like it?"""
"Brilliant, a real gem.",positive,"Generated by GPT-4 answering the question ""How did you like it?"""
It was incredible.,positive,"Generated by GPT-4 answering the question ""How did you like it?"""
Intriguing and educational.,positive,"Generated by GPT-4 answering the question ""How did you like it?"""
Purely entertaining.,positive,"Generated by GPT-4 answering the question ""How did you like it?"""
Really refreshing.,positive,"Generated by GPT-4 answering the question ""How did you like it?"""
"Awe-inspiring, I was mesmerized.",positive,"Generated by GPT-4 answering the question ""How did you like it?"""
"Thrilling, couldn't get enough of it.",positive,"Generated by GPT-4 answering the question ""How did you like it?"""
I disliked it.,negative,"Generated by GPT-4 answering the question ""How did you like it?"""
It was awful.,negative,"Generated by GPT-4 answering the question ""How did you like it?"""
Not my favorite.,negative,"Generated by GPT-4 answering the question ""How did you like it?"""
Hated it.,negative,"Generated by GPT-4 answering the question ""How did you like it?"""
It was boring.,negative,"Generated by GPT-4 answering the question ""How did you like it?"""
I didn't enjoy it.,negative,"Generated by GPT-4 answering the question ""How did you like it?"""
Terrible.,negative,"Generated by GPT-4 answering the question ""How did you like it?"""
Not good.,negative,"Generated by GPT-4 answering the question ""How did you like it?"""
Waste of time.,negative,"Generated by GPT-4 answering the question ""How did you like it?"""
It was horrible.,negative,"Generated by GPT-4 answering the question ""How did you like it?"""
Didn't meet my expectations.,negative,"Generated by GPT-4 answering the question ""How did you like it?"""
I wasn't impressed.,negative,"Generated by GPT-4 answering the question ""How did you like it?"""
It's not for me.,negative,"Generated by GPT-4 answering the question ""How did you like it?"""
Quite disappointing.,negative,"Generated by GPT-4 answering the question ""How did you like it?"""
I had better.,negative,"Generated by GPT-4 answering the question ""How did you like it?"""
It was lame.,negative,"Generated by GPT-4 answering the question ""How did you like it?"""
Not impressed.,negative,"Generated by GPT-4 answering the question ""How did you like it?"""
It was dreadful.,negative,"Generated by GPT-4 answering the question ""How did you like it?"""
Quite unsatisfying.,negative,"Generated by GPT-4 answering the question ""How did you like it?"""
Poorly done.,negative,"Generated by GPT-4 answering the question ""How did you like it?"""
Absolutely not.,negative,"Generated by GPT-4 answering the question ""How did you like it?"""
It was a letdown.,negative,"Generated by GPT-4 answering the question ""How did you like it?"""
I was upset.,negative,"Generated by GPT-4 answering the question ""How did you like it?"""
Didn't like it.,negative,"Generated by GPT-4 answering the question ""How did you like it?"""
Frustrating.,negative,"Generated by GPT-4 answering the question ""How did you like it?"""
I despised it.,negative,"Generated by GPT-4 answering the question ""How did you like it?"""
Didn't appeal to me.,negative,"Generated by GPT-4 answering the question ""How did you like it?"""
It was below average.,negative,"Generated by GPT-4 answering the question ""How did you like it?"""
It's too bad.,negative,"Generated by GPT-4 answering the question ""How did you like it?"""
Disappointing indeed.,negative,"Generated by GPT-4 answering the question ""How did you like it?"""
